#,,,,,,
# 注意事项,,,,,,
#    1. var_name为stda要素名,,,,,,
#    2. var_units为当前数据的在cassandra中的单位，单位名参考metpy.units（即pint库），未知或者不确定不填写空着即可，可带倍数,,,,,,
#    3. cassandra_discription为描述信息，目前不进行任何使用，可看作为配置行的说明,,,,,,
#    4. cassandra_level高空请填写any代表任意层，地面或者特殊单层请填写具体某一层，未知或者不确定请填写any,,,,,,
#    5. 以data_name,var_name,level_type列作为查询列，保证能确定唯一一行,,,,
# ,,,,,,
data_name,var_name,level_type,var_units,cassandra_discription,cassandra_level,cassandra_path
ecmwf,hgt,high,dagpm,,any,ECMWF_HR/HGT/
ecmwf,u,high,m/s,,any,ECMWF_HR/UGRD/
ecmwf,v,high,m/s,,any,ECMWF_HR/VGRD/
#ecmwf,ir,high,kelvin,,any,ECMWF_HR/MET_10/
ecmwf,vvel,high,0.01*Pa/s,,any,ECMWF_HR/VVEL/
ecmwf,rh,high,percent,,any,ECMWF_HR/RH/
ecmwf,spfh,high,g/kg,,any,ECMWF_HR/SPFH/
ecmwf,tmp,high,degC,,any,ECMWF_HR/TMP/
ecmwf,pv,high,0.000001*K*m**2/(kg*s),,any,ECMWF_HR/PVORT/
ecmwf,div,high,0.00001/s,,any,ECMWF_HR/DIV/
cma_gfs,hgt,high,dagpm,,any,GRAPES_GFS/HGT/
cma_gfs,u,high,m/s,,any,GRAPES_GFS/UGRD/
cma_gfs,v,high,m/s,,any,GRAPES_GFS/VGRD/
#cma_gfs,ir,high,kelvin,,any,GRAPES_GFS/INFRARED_BRIGHTNESS_TEMPERATURE/
cma_gfs,w,high,0.01m/s,,any,GRAPES_GFS/VVEL_GEOMETRIC/
cma_gfs,rh,high,percent,,any,GRAPES_GFS/RH/
cma_gfs,spfh,high,g/kg,,any,GRAPES_GFS/SPFH/
cma_gfs,tmp,high,degC,,any,GRAPES_GFS/TMP/
cma_gfs,wvfl,high,0.1*g/(cm*hPa*s),,any,GRAPES_GFS/WVFL/
cma_gfs,theta,high,kelvin,,any,GRAPES_GFS/THETASE/
cma_gfs,qcld,high,g/kg,,any,GRAPES_GFS/CLOUD_MIXING_RATIO/
cma_gfs,qice,high,g/kg,,any,GRAPES_GFS/ICE_WATER_MIXING_RATIO/
cma_gfs,qsn,high,g/kg,,any,GRAPES_GFS/SNOW_MIXING_RATIO/
cma_gfs,qrn,high,g/kg,,any,GRAPES_GFS/RAIN_MIXING_RATIO/
ncep_gfs,hgt,high,dagpm,,any,NCEP_GFS/HGT/
ncep_gfs,u,high,m/s,,any,NCEP_GFS/UGRD/
ncep_gfs,v,high,m/s,,any,NCEP_GFS/VGRD/
ncep_gfs,vvel,high,0.01*Pa/s,,any,NCEP_GFS/VVEL/
ncep_gfs,rh,high,percent,,any,NCEP_GFS/RH/
ncep_gfs,tmp,high,degC,,any,NCEP_GFS/TMP/
ncep_gfs,qcld,high,g/kg,,any,NCEP_GFS/CLOUD_MIXING_RATIO/
ncep_gfs,qice,high,g/kg,,any,NCEP_GFS/ICE_WATER_MIXING_RATIO/
ncep_gfs,qsn,high,g/kg,,any,NCEP_GFS/SNOW_MIXING_RATIO/
ncep_gfs,qrn,high,g/kg,,any,NCEP_GFS/RAIN_MIXING_RATIO/
ecmwf,u10m,surface,m/s,,10,ECMWF_HR/UGRD_10M/
ecmwf,v10m,surface,m/s,,10,ECMWF_HR/VGRD_10M/
ecmwf,u100m,surface,m/s,,100,ECMWF_HR/UGRD_100M/
ecmwf,v100m,surface,m/s,,100,ECMWF_HR/VGRD_100M/
ecmwf,prmsl,surface,hPa,,0,ECMWF_HR/PRMSL/
ecmwf,rain,surface,mm,,0,ECMWF_HR/APCP/
ecmwf,rain24,surface,mm,,0,ECMWF_HR/RAIN24/
ecmwf,rain03,surface,mm,,0,ECMWF_HR/RAIN03/
ecmwf,rain06,surface,mm,,0,ECMWF_HR/RAIN06/
ecmwf,rainnc03,surface,mm,,0,ECMWF_HR/RAIN_LARGE_SCALE03/
ecmwf,rainc03,surface,mm,,0,ECMWF_HR/RAINC03/
ecmwf,acpcp,surface,mm,,0,ECMWF_HR/ACPCP/
ecmwf,rainnc,surface,mm,,0,ECMWF_HR/APCP_LARGE_SCALE/
ecmwf,snow,surface,mm,,0,ECMWF_HR/ASNOW/
ecmwf,snow03,surface,mm,,0,ECMWF_HR/SNOW03/
ecmwf,snow06,surface,mm,,0,ECMWF_HR/SNOW06/
ecmwf,snow24,surface,mm,,0,ECMWF_HR/SNOW024/
ecmwf,tcwv,surface,mm,,0,ECMWF_HR/TCWV/
ecmwf,gust10m_3h,surface,m/s,,10,ECMWF_HR/10_METRE_WIND_GUST_IN_THE_LAST_3_HOURS/
ecmwf,gust10m_6h,surface,m/s,,10,ECMWF_HR/10_METRE_WIND_GUST_IN_THE_LAST_6_HOURS/
ecmwf,lcdc,surface,percent,,0,ECMWF_HR/LCDC/
ecmwf,tcdc,surface,percent,,0,ECMWF_HR/TCDC/
ecmwf,t2m,surface,degC,,2,ECMWF_HR/TMP_2M/
ecmwf,rh2m,surface,percent,,2,ECMWF_HR/RH_2M/
ecmwf,td2m,surface,degC,,2,ECMWF_HR/DPT_2M/
ecmwf,psfc,surface,hPa,,0,ECMWF_HR/PRES/SURFACE/
#ecmwf,oro,surface,,,0,ECMWF_HR/OROGRAPHY/
ecmwf,tmx3_2m,surface,degC,,2,ECMWF_HR/MAXIMUM_TEMPERATURE_AT_2_METRES_IN_THE_LAST_3_HOURS/
ecmwf,tmn3_2m,surface,degC,,2,ECMWF_HR/MINIMUM_TEMPERATURE_AT_2_METRES_IN_THE_LAST_3_HOURS/
ecmwf,albedo,surface,percent,,0,ECMWF_HR/FORECAST_ALBEDO
ecmwf,cape,surface,J/kg,,0,ECMWF_HR/CAPE/
ecmwf,tmx3_2m,surface,degC,,2,ECMWF_HR/MAXIMUM_TEMPERATURE_AT_2_METRES_IN_THE_LAST_3_HOURS/
ecmwf,tmn3_2m,surface,degC,,2,ECMWF_HR/MINIMUM_TEMPERATURE_AT_2_METRES_IN_THE_LAST_3_HOURS/
ecmwf,snow_density,surface,kg/m**3,,0,ECMWF_HR/SDEN/
ecmwf,snow_depth,surface,cm,,0,ECMWF_HR/SNOD/
ecmwf,sst,surface,degC,,0,ECMWF_HR/SST/
ecmwf,vis,surface,km,,0,ECMWF_HR/VIS/
cma_gfs,u10m,surface,m/s,,10,GRAPES_GFS/UGRD/10M_ABOVE_GROUND/
cma_gfs,v10m,surface,m/s,,10,GRAPES_GFS/VGRD/10M_ABOVE_GROUND/
cma_gfs,prmsl,surface,hPa,,0,GRAPES_GFS/PRMSL/
cma_gfs,rain24,surface,mm,,0,GRAPES_GFS/RAIN24/
cma_gfs,rain03,surface,mm,,0,GRAPES_GFS/RAIN03/
cma_gfs,rain06,surface,mm,,0,GRAPES_GFS/RAIN06/
#cma_gfs,rainc06,surface,mm,,0,GRAPES_GFS/RAINC06/
cma_gfs,snow03,surface,mm,,0,GRAPES_GFS/SNOW03/
cma_gfs,snow06,surface,mm,,0,GRAPES_GFS/SNOW06/
cma_gfs,snow24,surface,mm,,0,GRAPES_GFS/SNOW024/
cma_gfs,tcwv,surface,mm,,0,GRAPES_GFS/PWAT/ENTIRE_ATMOSPHERE/
cma_gfs,t2m,surface,degC,,2,GRAPES_GFS/TMP/2M_ABOVE_GROUND/
cma_gfs,tmx3_2m,surface,degC,,2,GRAPES_GFS/MAXIMUM_TEMPERATURE/2M_ABOVE_GROUND/
cma_gfs,tmn3_2m,surface,degC,,2,GRAPES_GFS/MINIMUM_TEMPERATURE/2M_ABOVE_GROUND/
cma_gfs,rh2m,surface,percent,,2,GRAPES_GFS/RH/2M_ABOVE_GROUND/
cma_gfs,td2m,surface,degC,,2,GRAPES_GFS/DPT/2M_ABOVE_GROUND/
#cma_gfs,bli,surface,,,0,GRAPES_GFS/BLI/
cma_gfs,psfc,surface,hPa,,0,GRAPES_GFS/PRES/SURFACE/
#cma_gfs,oro,surface,,,0,GRAPES_GFS/HGT/SURFACE/
ncep_gfs,u10m,surface,m/s,,10,NCEP_GFS/UGRD/10M_ABOVE_GROUND/
ncep_gfs,v10m,surface,m/s,,10,NCEP_GFS/VGRD/10M_ABOVE_GROUND/
ncep_gfs,prmsl,surface,hPa,,0,NCEP_GFS/PRMSL/
ncep_gfs,rain24,surface,mm,,0,NCEP_GFS/RAIN24/
ncep_gfs,rain03,surface,mm,,0,NCEP_GFS/RAIN03/
ncep_gfs,rain06,surface,mm,,0,NCEP_GFS/RAIN06/
#ncep_gfs,rainc06,surface,mm,,0,NCEP_GFS/RAINC06/
ncep_gfs,tcwv,surface,mm,,0,NCEP_GFS/PWAT/ENTIRE_ATMOSPHERE/
ncep_gfs,t2m,surface,degC,,2,NCEP_GFS/TMP/2M_ABOVE_GROUND/
ncep_gfs,tmx3_2m,surface,degC,,2,NCEP_GFS_HR/MAXIMUM_TEMPERATURE/2M_ABOVE_GROUND/
ncep_gfs,tmn3_2m,surface,degC,,2,NCEP_GFS_HR/MINIMUM_TEMPERATURE/2M_ABOVE_GROUND/
ncep_gfs,rh2m,surface,percent,,2,NCEP_GFS/RH/2M_ABOVE_GROUND/
ncep_gfs,td2m,surface,degC,,2,NCEP_GFS/DPT/2M_ABOVE_GROUND/
#ncep_gfs,bli,surface,,,0,NCEP_GFS/BLI/
ncep_gfs,psfc,surface,hPa,,0,NCEP_GFS/PRES/SURFACE/
#ncep_gfs,oro,surface,,,0,NCEP_GFS/HGT/SURFACE/
nwfd_scmoc,u10m,surface,m/s,,10,NWFD_SCMOC/UGRD/10M_ABOVE_GROUND/
nwfd_scmoc,v10m,surface,m/s,,10,NWFD_SCMOC/VGRD/10M_ABOVE_GROUND/
nwfd_scmoc,rain24,surface,mm,,0,NWFD_SCMOC/RAIN24/
nwfd_scmoc,rain06,surface,mm,,0,NWFD_SCMOC/RAIN06/
nwfd_scmoc,rain03,surface,mm,,0,NWFD_SCMOC/RAIN03/
nwfd_scmoc,tmx24_2m,surface,degC,,2,NWFD_SCMOC/MAXIMUM_TEMPERATURE/2M_ABOVE_GROUND/
nwfd_scmoc,tmn24_2m,surface,degC,,2,NWFD_SCMOC/MINIMUM_TEMPERATURE/2M_ABOVE_GROUND/
nwfd_scmoc,t2m,surface,degC,,2,NWFD_SCMOC/TMP/2M_ABOVE_GROUND/
nwfd_scmoc,vis,surface,km,,0,NWFD_SCMOC/VIS/
nwfd_scmoc,rh2m,surface,percent,,0,NWFD_SCMOC/RH/2M_ABOVE_GROUND/
nwfd_smerage,u10m,surface,m/s,,10,NWFD_SMERGE/UGRD/10M_ABOVE_GROUND/
nwfd_smerage,v10m,surface,m/s,,10,NWFD_SMERGE/VGRD/10M_ABOVE_GROUND/
nwfd_smerage,rain24,surface,mm,,0,NWFD_SMERGE/RAIN24/
nwfd_smerage,rain06,surface,mm,,0,NWFD_SMERGE/RAIN06/
nwfd_smerage,rain03,surface,mm,,0,NWFD_SMERGE/RAIN03/
nwfd_smerage,tmx24_2m,surface,degC,,2,NWFD_SMERGE/MAXIMUM_TEMPERATURE/2M_ABOVE_GROUND/
nwfd_smerage,tmn24_2m,surface,degC,,2,NWFD_SMERGE/MINIMUM_TEMPERATURE/2M_ABOVE_GROUND/
nwfd_smerage,t2m,surface,degC,,2,NWFD_SMERGE/TMP/2M_ABOVE_GROUND/
nwfd_smerage,rh2m,surface,percent,,2,NWFD_SMERGE/RH/2M_ABOVE_GROUND/
cldas,rain01,surface,mm,,0,CLDAS/RAIN01_TRI_DATA_SOURCE/
cldas,rain03,surface,mm,,0,CLDAS/RAIN03_TRI_DATA_SOURCE/
cldas,rain24,surface,mm,,0,CLDAS/RAIN24_TRI_DATA_SOURCE/
cldas,tmx24_2m,surface,degC,,2,CLDAS/MAXIMUM_TEMPERATURE/2M_ABOVE_GROUND/
cma_meso_3km,u10m,surface,m/s,,10,GRAPES_3KM/UGRD/10M_ABOVE_GROUND/
cma_meso_3km,v10m,surface,m/s,,10,GRAPES_3KM/VGRD/10M_ABOVE_GROUND/
cma_meso_3km,prmsl,surface,hPa,,0,GRAPES_3KM/PRMSL/
cma_meso_3km,rain01,surface,mm,,0,GRAPES_3KM/RAIN01/
cma_meso_3km,rain24,surface,mm,,0,GRAPES_3KM/RAIN24/
cma_meso_3km,rain03,surface,mm,,0,GRAPES_3KM/RAIN03/
cma_meso_3km,rain06,surface,mm,,0,GRAPES_3KM/RAIN06/
#cma_meso_3km,rainc06,surface,mm,,0,GRAPES_3KM/RAINC06/
cma_meso_3km,snow03,surface,mm,,0,GRAPES_3KM/SNOW03/
cma_meso_3km,snow06,surface,mm,,0,GRAPES_3KM/SNOW06/
cma_meso_3km,snow24,surface,mm,,0,GRAPES_3KM/SNOW024/
cma_meso_3km,tcwv,surface,mm,,0,GRAPES_3KM/PWAT/ENTIRE_ATMOSPHERE/
cma_meso_3km,t2m,surface,degC,,2,GRAPES_3KM/TMP/2M_ABOVE_GROUND/
cma_meso_3km,tmx3_2m,surface,degC,,2,GRAPES_3KM/MAXIMUM_TEMPERATURE/2M_ABOVE_GROUND/
cma_meso_3km,tmn3_2m,surface,degC,,2,GRAPES_3KM/MINIMUM_TEMPERATURE/2M_ABOVE_GROUND/
cma_meso_3km,rh2m,surface,percent,,2,GRAPES_3KM/RH/2M_ABOVE_GROUND/
cma_meso_3km,td2m,surface,degC,,2,GRAPES_3KM/DPT/2M_ABOVE_GROUND/
#cma_gfs,bli,surface,,,0,GRAPES_3KM/BLI/
cma_meso_3km,psfc,surface,hPa,,0,GRAPES_3KM/PRES/SURFACE/
#cma_gfs,oro,surface,,,0,GRAPES_3KM/HGT/SURFACE/
cma_meso_3km,hgt,high,dagpm,,any,GRAPES_3KM/HGT/
cma_meso_3km,u,high,m/s,,any,GRAPES_3KM/UGRD/
cma_meso_3km,v,high,m/s,,any,GRAPES_3KM/VGRD/
#cma_meso_3km,ir,high,kelvin,,any,GRAPES_3KM/INFRARED_BRIGHTNESS_TEMPERATURE/
cma_meso_3km,vvel,high,0.01*Pa/s,,any,GRAPES_3KM/VVEL_GEOMETRIC/
cma_meso_3km,rh,high,percent,,any,GRAPES_3KM/RH/
cma_meso_3km,spfh,high,g/kg,,any,GRAPES_3KM/SPFH/
cma_meso_3km,tmp,high,degC,,any,GRAPES_3KM/TMP/
cma_meso_3km,wvfl,high,0.1*g/(cm*hPa*s),,any,GRAPES_3KM/WVFL/
cma_meso_3km,theta,high,kelvin,,any,GRAPES_3KM/THETASE/
cma_meso_3km,qcld,high,g/kg,,any,GRAPES_3KM/CLOUD_MIXING_RATIO/
cma_meso_3km,qice,high,g/kg,,any,GRAPES_3KM/ICE_WATER_MIXING_RATIO/
cma_meso_3km,qsn,high,g/kg,,any,GRAPES_3KM/SNOW_MIXING_RATIO/
cma_meso_3km,qrn,high,g/kg,,any,GRAPES_3KM/RAIN_MIXING_RATIO/
cma_meso_3km,cref,surface,,,0,GRAPES_3KM/RADAR_COMBINATION_REFLECTIVITY/
cma_meso_1km,cref,surface,,,0,GRAPES_1KM/RADAR_COMBINATION_REFLECTIVITY/
cma_meso_1km,rain01,surface,mm,,0,GRAPES_1KM/RAIN01/
cma_meso_1km,rain03,surface,mm,,0,GRAPES_1KM/RAIN03/
cma_meso_1km,gust10m,surface,m/s,,10,GRAPES_3KM/MAX_WIND/
ecmwf_ens,u10m,surface,m/s,,10,ECMWF_ENSEMBLE/RAW/UGRD_10M/
ecmwf_ens,v10m,surface,m/s,,10,ECMWF_ENSEMBLE/RAW/VGRD_10M/
ecmwf_ens,u100m,surface,m/s,,100,ECMWF_ENSEMBLE/RAW/UGRD_100M/
ecmwf_ens,v100m,surface,m/s,,100,ECMWF_ENSEMBLE/RAW/VGRD_100M/
ecmwf_ens,prmsl,surface,hPa,,0,ECMWF_ENSEMBLE/RAW/PRMSL/
ecmwf_ens,rain,surface,mm,,0,ECMWF_ENSEMBLE/RAW/APCP/
ecmwf_ens,rain24,surface,mm,,0,ECMWF_ENSEMBLE/RAW/RAIN24/
ecmwf_ens,rain03,surface,mm,,0,ECMWF_ENSEMBLE/RAW/RAIN03/
ecmwf_ens,rain06,surface,mm,,0,ECMWF_ENSEMBLE/RAW/RAIN06/
ecmwf_ens,rain12,surface,mm,,0,ECMWF_ENSEMBLE/RAW/RAIN12/
ecmwf_ens,snow03,surface,mm,,0,ECMWF_ENSEMBLE/RAW/SNOW03/
ecmwf_ens,snow06,surface,mm,,0,ECMWF_ENSEMBLE/RAW/SNOW06/
ecmwf_ens,snow12,surface,mm,,0,ECMWF_ENSEMBLE/RAW/SNOW12/
ecmwf_ens,snow24,surface,mm,,0,ECMWF_ENSEMBLE/RAW/SNOW024/
ecmwf_ens,tcw,surface,mm,,0,ECMWF_ENSEMBLE/RAW/TCW/
ecmwf_ens,gust10m_3h,surface,m/s,,10,ECMWF_ENSEMBLE/RAW/10_METRE_WIND_GUST_IN_THE_LAST_3_HOURS/
ecmwf_ens,gust10m_6h,surface,m/s,,10,ECMWF_ENSEMBLE/RAW/10_METRE_WIND_GUST_IN_THE_LAST_6_HOURS/
ecmwf_ens,lcdc,surface,percent,,0,ECMWF_ENSEMBLE/RAW/LCDC/
ecmwf_ens,tcdc,surface,percent,,0,ECMWF_ENSEMBLE/RAW/TCDC/
ecmwf_ens,dt24_2m,surface,degC,,2,ECMWF_ENSEMBLE/RAW/TMP_CHANGE_24H/2M_ABOVE_GROUND/
ecmwf_ens,t2m,surface,degC,,2,ECMWF_ENSEMBLE/RAW/TMP_2M/
ecmwf_ens,rh2m,surface,percent,,2,ECMWF_ENSEMBLE/RAW/RH_2M/
ecmwf_ens,td2m,surface,degC,,2,ECMWF_ENSEMBLE/RAW/DPT_2M/
ecmwf_ens,psfc,surface,hPa,,0,ECMWF_ENSEMBLE/RAW/PRES/SURFACE/
ecmwf_ens,tmx6_2m,surface,degC,,2,ECMWF_ENSEMBLE/RAW/MAXIMUM_TEMPERATURE_AT_2_METRES_IN_THE_LAST_6_HOURS/
ecmwf_ens,tmn6_2m,surface,degC,,2,ECMWF_ENSEMBLE/RAW/MINIMUM_TEMPERATURE_AT_2_METRES_IN_THE_LAST_6_HOURS/
ecmwf_ens,tmx3_2m,surface,degC,,2,ECMWF_ENSEMBLE/RAW/MAXIMUM_TEMPERATURE_AT_2_METRES_IN_THE_LAST_3_HOURS/
ecmwf_ens,tmn3_2m,surface,degC,,2,ECMWF_ENSEMBLE/RAW/MINIMUM_TEMPERATURE_AT_2_METRES_IN_THE_LAST_3_HOURS/
ecmwf_ens,vis,surface,km,,0,ECMWF_ENSEMBLE/RAW/VIS/
ecmwf_ens,ptype,surface,,,0,ECMWF_ENSEMBLE/RAW/PRECIPITATION_TYPE/
ecmwf_ens,hgt,high,dagpm,,any,ECMWF_ENSEMBLE/RAW/HGT/
ecmwf_ens,u,high,m/s,,any,ECMWF_ENSEMBLE/RAW/UGRD/
ecmwf_ens,v,high,m/s,,any,ECMWF_ENSEMBLE/RAW/VGRD/
ecmwf_ens,vvel,high,0.01*Pa/s,,any,ECMWF_ENSEMBLE/RAW/VVEL/
ecmwf_ens,rh,high,percent,,any,ECMWF_ENSEMBLE/RAW/RH/
ecmwf_ens,spfh,high,g/kg,,any,ECMWF_ENSEMBLE/RAW/SPFH/
ecmwf_ens,tmp,high,degC,,any,ECMWF_ENSEMBLE/RAW/TMP/
cma_geps,u10m,surface,m/s,,10,GRAPES_GEPS_ENSEMBLE/RAW/UGRD/10M_ABOVE_GROUND/
cma_geps,v10m,surface,m/s,,10,GRAPES_GEPS_ENSEMBLE/RAW/VGRD/10M_ABOVE_GROUND/
cma_geps,prmsl,surface,hPa,,0,GRAPES_GEPS_ENSEMBLE/RAW/PRMSL/
cma_geps,rain24,surface,mm,,0,GRAPES_GEPS_ENSEMBLE/RAW/RAIN24/
cma_geps,rain03,surface,mm,,0,GRAPES_GEPS_ENSEMBLE/RAW/RAIN03/
cma_geps,rain06,surface,mm,,0,GRAPES_GEPS_ENSEMBLE/RAW/RAIN06/
cma_geps,snow03,surface,mm,,0,GRAPES_GEPS_ENSEMBLE/RAW/SNOW03/
cma_geps,snow06,surface,mm,,0,GRAPES_GEPS_ENSEMBLE/RAW/SNOW06/
cma_geps,snow24,surface,mm,,0,GRAPES_GEPS_ENSEMBLE/RAW/SNOW024/
cma_geps,tcwv,surface,mm,,0,GRAPES_GEPS_ENSEMBLE/RAW/PWAT/ENTIRE_ATMOSPHERE/
cma_geps,t2m,surface,degC,,2,GRAPES_GEPS_ENSEMBLE/RAW/TMP/2M_ABOVE_GROUND/
cma_geps,tmx3_2m,surface,degC,,2,GRAPES_GEPS_ENSEMBLE/RAW/MAXIMUM_TEMPERATURE/2M_ABOVE_GROUND/
cma_geps,tmn3_2m,surface,degC,,2,GRAPES_GEPS_ENSEMBLE/RAW/MINIMUM_TEMPERATURE/2M_ABOVE_GROUND/
cma_geps,rh2m,surface,percent,,2,GRAPES_GEPS_ENSEMBLE/RAW/RH/2M_ABOVE_GROUND/
cma_geps,td2m,surface,degC,,2,GRAPES_GEPS_ENSEMBLE/RAW/DPT/2M_ABOVE_GROUND/
cma_geps,psfc,surface,hPa,,0,GRAPES_GEPS_ENSEMBLE/RAW/PRES/SURFACE/
cma_geps,hgt,high,dagpm,,any,GRAPES_GEPS_ENSEMBLE/RAW/HGT/
cma_geps,u,high,m/s,,any,GRAPES_GEPS_ENSEMBLE/RAW/UGRD/
cma_geps,v,high,m/s,,any,GRAPES_GEPS_ENSEMBLE/RAW/VGRD/
cma_geps,ir,high,kelvin,,any,GRAPES_GEPS_ENSEMBLE/RAW/INFRARED_BRIGHTNESS_TEMPERATURE/
cma_geps,vvel,high,0.01*Pa/s,,any,GRAPES_GEPS_ENSEMBLE/RAW/VVEL_GEOMETRIC/
cma_geps,rh,high,percent,,any,GRAPES_GEPS_ENSEMBLE/RAW/RH/
cma_geps,spfh,high,g/kg,,any,GRAPES_GEPS_ENSEMBLE/RAW/SPFH/
cma_geps,tmp,high,degC,,any,GRAPES_GEPS_ENSEMBLE/RAW/TMP/
cma_geps,wvfl,high,0.1*g/(cm*hPa*s),,any,GRAPES_GEPS_ENSEMBLE/RAW/WVFL/
cma_geps,theta,high,kelvin,,any,GRAPES_GEPS_ENSEMBLE/RAW/THETASE/
cma_geps,qcld,high,g/kg,,any,GRAPES_GEPS_ENSEMBLE/RAW/CLOUD_MIXING_RATIO/
cma_geps,qice,high,g/kg,,any,GRAPES_GEPS_ENSEMBLE/RAW/ICE_WATER_MIXING_RATIO/
cma_geps,qsn,high,g/kg,,any,GRAPES_GEPS_ENSEMBLE/RAW/SNOW_MIXING_RATIO/
cma_geps,qrn,high,g/kg,,any,GRAPES_GEPS_ENSEMBLE/RAW/RAIN_MIXING_RATIO/
cma_meso_1km,u10m,surface,m/s,,10,GRAPES_1KM/UGRD/10M_ABOVE_GROUND/
cma_meso_1km,v10m,surface,m/s,,10,GRAPES_1KM/VGRD/10M_ABOVE_GROUND/
cma_meso_1km,prmsl,surface,hPa,,0,GRAPES_1KM/PRMSL/
cma_meso_1km,rain01,surface,mm,,0,GRAPES_1KM/RAIN01/
cma_meso_1km,rain24,surface,mm,,0,GRAPES_1KM/RAIN24/
cma_meso_1km,rain03,surface,mm,,0,GRAPES_1KM/RAIN03/
cma_meso_1km,rain06,surface,mm,,0,GRAPES_1KM/RAIN06/
#cma_meso_3km,rainc06,surface,mm,,0,GRAPES_1KM/RAINC06/
cma_meso_1km,snow03,surface,mm,,0,GRAPES_1KM/SNOW03/
cma_meso_1km,snow06,surface,mm,,0,GRAPES_1KM/SNOW06/
cma_meso_1km,snow24,surface,mm,,0,GRAPES_1KM/SNOW024/
cma_meso_1km,tcwv,surface,mm,,0,GRAPES_1KM/PWAT/ENTIRE_ATMOSPHERE/
cma_meso_1km,t2m,surface,degC,,2,GRAPES_1KM/TMP/2M_ABOVE_GROUND/
cma_meso_1km,tmx3_2m,surface,degC,,2,GRAPES_1KM/MAXIMUM_TEMPERATURE/2M_ABOVE_GROUND/
cma_meso_1km,tmn3_2m,surface,degC,,2,GRAPES_1KM/MINIMUM_TEMPERATURE/2M_ABOVE_GROUND/
cma_meso_1km,rh2m,surface,percent,,2,GRAPES_1KM/RH/2M_ABOVE_GROUND/
cma_meso_1km,td2m,surface,degC,,2,GRAPES_1KM/DPT/2M_ABOVE_GROUND/
#cma_gfs,bli,surface,,,0,GRAPES_1KM/BLI/
cma_meso_1km,psfc,surface,hPa,,0,GRAPES_1KM/PRES/SURFACE/
#cma_gfs,oro,surface,,,0,GRAPES_1KM/HGT/SURFACE/
cma_meso_1km,hgt,high,dagpm,,any,GRAPES_1KM/HGT/
cma_meso_1km,u,high,m/s,,any,GRAPES_1KM/UGRD/
cma_meso_1km,v,high,m/s,,any,GRAPES_1KM/VGRD/
#cma_meso_3km,ir,high,kelvin,,any,GRAPES_1KM/INFRARED_BRIGHTNESS_TEMPERATURE/
cma_meso_1km,vvel,high,0.01*Pa/s,,any,GRAPES_1KM/VVEL_GEOMETRIC/
cma_meso_1km,rh,high,percent,,any,GRAPES_1KM/RH/
cma_meso_1km,spfh,high,g/kg,,any,GRAPES_1KM/SPFH/
cma_meso_1km,tmp,high,degC,,any,GRAPES_1KM/TMP/
cma_meso_1km,wvfl,high,0.1*g/(cm*hPa*s),,any,GRAPES_1KM/WVFL/
cma_meso_1km,theta,high,kelvin,,any,GRAPES_1KM/THETASE/
cma_meso_1km,qcld,high,g/kg,,any,GRAPES_1KM/CLOUD_MIXING_RATIO/
cma_meso_1km,qice,high,g/kg,,any,GRAPES_1KM/ICE_WATER_MIXING_RATIO/
cma_meso_1km,qsn,high,g/kg,,any,GRAPES_1KM/SNOW_MIXING_RATIO/
cma_meso_1km,qrn,high,g/kg,,any,GRAPES_1KM/RAIN_MIXING_RATIO/
cma_meso_1km,cref,surface,,,0,GRAPES_1KM/RADAR_COMBINATION_REFLECTIVITY/
ecmwf_ext_ens,u10m,surface,m/s,,10,ECMWF_EXT_ENSEMBLE/RAW/UGRD_10M/
ecmwf_ext_ens,v10m,surface,m/s,,10,ECMWF_EXT_ENSEMBLE/RAW/VGRD_10M/
ecmwf_ext_ens,u100m,surface,m/s,,100,ECMWF_EXT_ENSEMBLE/RAW/UGRD_100M/
ecmwf_ext_ens,v100m,surface,m/s,,100,ECMWF_EXT_ENSEMBLE/RAW/VGRD_100M/
ecmwf_ext_ens,prmsl,surface,hPa,,0,ECMWF_EXT_ENSEMBLE/RAW/PRMSL/
ecmwf_ext_ens,rain,surface,mm,,0,ECMWF_EXT_ENSEMBLE/RAW/APCP/
ecmwf_ext_ens,rain24,surface,mm,,0,ECMWF_EXT_ENSEMBLE/RAW/RAIN24/
ecmwf_ext_ens,rain03,surface,mm,,0,ECMWF_EXT_ENSEMBLE/RAW/RAIN03/
ecmwf_ext_ens,rain06,surface,mm,,0,ECMWF_EXT_ENSEMBLE/RAW/RAIN06/
ecmwf_ext_ens,rain12,surface,mm,,0,ECMWF_EXT_ENSEMBLE/RAW/RAIN12/
ecmwf_ext_ens,snow03,surface,mm,,0,ECMWF_EXT_ENSEMBLE/RAW/SNOW03/
ecmwf_ext_ens,snow06,surface,mm,,0,ECMWF_EXT_ENSEMBLE/RAW/SNOW06/
ecmwf_ext_ens,snow12,surface,mm,,0,ECMWF_EXT_ENSEMBLE/RAW/SNOW12/
ecmwf_ext_ens,snow24,surface,mm,,0,ECMWF_EXT_ENSEMBLE/RAW/SNOW24/
ecmwf_ext_ens,tcw,surface,mm,,0,ECMWF_EXT_ENSEMBLE/RAW/TCW/
ecmwf_ext_ens,gust10m_3h,surface,m/s,,10,ECMWF_EXT_ENSEMBLE/RAW/10_METRE_WIND_GUST_IN_THE_LAST_3_HOURS/
ecmwf_ext_ens,gust10m_6h,surface,m/s,,10,ECMWF_EXT_ENSEMBLE/RAW/10_METRE_WIND_GUST_IN_THE_LAST_6_HOURS/
ecmwf_ext_ens,lcdc,surface,percent,,0,ECMWF_EXT_ENSEMBLE/RAW/LCDC/
ecmwf_ext_ens,tcdc,surface,percent,,0,ECMWF_EXT_ENSEMBLE/RAW/TCDC/
ecmwf_ext_ens,t2m,surface,degC,,2,ECMWF_EXT_ENSEMBLE/RAW/TMP_2M/
ecmwf_ext_ens,rh2m,surface,percent,,2,ECMWF_EXT_ENSEMBLE/RAW/RH_2M/
ecmwf_ext_ens,td2m,surface,degC,,2,ECMWF_EXT_ENSEMBLE/RAW/DPT_2M/
ecmwf_ext_ens,psfc,surface,hPa,,0,ECMWF_EXT_ENSEMBLE/RAW/PRES/SURFACE/
ecmwf_ext_ens,tmx6_2m,surface,degC,,2,ECMWF_EXT_ENSEMBLE/RAW/MAXIMUM_TEMPERATURE_AT_2_METRES_IN_THE_LAST_6_HOURS/
ecmwf_ext_ens,tmn6_2m,surface,degC,,2,ECMWF_EXT_ENSEMBLE/RAW/MINIMUM_TEMPERATURE_AT_2_METRES_IN_THE_LAST_6_HOURS/
ecmwf_ext_ens,tmx3_2m,surface,degC,,2,ECMWF_EXT_ENSEMBLE/RAW/MAXIMUM_TEMPERATURE_AT_2_METRES_IN_THE_LAST_3_HOURS/
ecmwf_ext_ens,tmn3_2m,surface,degC,,2,ECMWF_EXT_ENSEMBLE/RAW/MINIMUM_TEMPERATURE_AT_2_METRES_IN_THE_LAST_3_HOURS/
ecmwf_ext_ens,dt24_2m,surface,degC,,0,ECMWF_EXT_ENSEMBLE/RAW/TMP_CHANGE_24H/2M_ABOVE_GROUND/
ecmwf_ext_ens,hgt,high,dagpm,,any,ECMWF_EXT_ENSEMBLE/RAW/HGT/
ecmwf_ext_ens,u,high,m/s,,any,ECMWF_EXT_ENSEMBLE/RAW/UGRD/
ecmwf_ext_ens,v,high,m/s,,any,ECMWF_EXT_ENSEMBLE/RAW/VGRD/
ecmwf_ext_ens,vvel,high,0.01*Pa/s,,any,ECMWF_EXT_ENSEMBLE/RAW/VVEL/
ecmwf_ext_ens,rh,high,percent,,any,ECMWF_EXT_ENSEMBLE/RAW/RH/
ecmwf_ext_ens,spfh,high,g/kg,,any,ECMWF_EXT_ENSEMBLE/RAW/SPFH/
ecmwf_ext_ens,tmp,high,degC,,any,ECMWF_EXT_ENSEMBLE/RAW/TMP/
